{
  "project_info": {
    "project_number": "821536444480",
    "firebase_url": "https://authentication-19645.firebaseio.com",
    "project_id": "authentication-19645",
    "storage_bucket": "authentication-19645.appspot.com"
  },
  "client": [
    {
      "client_info": {
        "mobilesdk_app_id": "1:821536444480:android:cba04218dc4254d5768fa5",
        "android_client_info": {
          "package_name": "com.example.authentication"
        }
      },
      "oauth_client": [
        {
          "client_id": "821536444480-dsogoba1sea1l7u5ul6gelc6cg9gipkb.apps.googleusercontent.com",
          "client_type": 1,
          "android_info": {
            "package_name": "com.example.authentication",
            "certificate_hash": "b8a66cf247f9f28c41309b94951763b662429f7c"
          }
        },
        {
          "client_id": "821536444480-ne2b7ks5ncod3fi3bofbaoj45ja1vefp.apps.googleusercontent.com",
          "client_type": 3
        }
      ],
      "api_key": [
        {
          "current_key": "AIzaSyBE8EhJIyzHPbtASwKY2k4gUhT17AYJnqc"
        }
      ],
      "services": {
        "appinvite_service": {
          "other_platform_oauth_client": [
            {
              "client_id": "821536444480-ne2b7ks5ncod3fi3bofbaoj45ja1vefp.apps.googleusercontent.com",
              "client_type": 3
            }
          ]
        }
      }
    },
    {
      "client_info": {
        "mobilesdk_app_id": "1:821536444480:android:1e6b395b69261896768fa5",
        "android_client_info": {
          "package_name": "com.example.authentification"
        }
      },
      "oauth_client": [
        {
          "client_id": "821536444480-pr30p63p8kqo152vlt69gqj4nmrm0q8c.apps.googleusercontent.com",
          "client_type": 1,
          "android_info": {
            "package_name": "com.example.authentification",
            "certificate_hash": "b8a66cf247f9f28c41309b94951763b662429f7c"
          }
        },
        {
          "client_id": "821536444480-ne2b7ks5ncod3fi3bofbaoj45ja1vefp.apps.googleusercontent.com",
          "client_type": 3
        }
      ],
      "api_key": [
        {
          "current_key": "AIzaSyBE8EhJIyzHPbtASwKY2k4gUhT17AYJnqc"
        }
      ],
      "services": {
        "appinvite_service": {
          "other_platform_oauth_client": [
            {
              "client_id": "821536444480-ne2b7ks5ncod3fi3bofbaoj45ja1vefp.apps.googleusercontent.com",
              "client_type": 3
            }
          ]
        }
      }
    }
  ],
  "configuration_version": "1"
}